instructor,rmp_rating,rmp_url,rmp_tags,rmp_difficulty,rmp_take_again
CRISJOE JOSEPH,4.2,https://www.ratemyprofessors.com/professor/1829388,"Test Heavy, Amazing Lectures, Extra Credit, Clear Grading, Participation Matters, Inspirational",3.7,83%
STUART SMITH,2.8,https://www.ratemyprofessors.com/professor/349755,"Lecture Heavy, Amazing Lectures, Extra Credit, Group Projects, Many Papers, Clear Grading, Participation Matters, Inspirational",3.1,57%
RUTH FINKELSTEIN,2.0,https://www.ratemyprofessors.com/professor/168264,"Tough Grader, Lecture Heavy, Test Heavy, Participation Matters",4.4,8%
HONGBO YU,3.8,https://www.ratemyprofessors.com/professor/2668256,"Good Feedback, Respected, Lecture Heavy, Test Heavy, Amazing Lectures, Caring, Extra Credit, Clear Grading",2.7,70%
KELVIN LAM,3.1,https://www.ratemyprofessors.com/professor/3061230,"Respected, Lecture Heavy, Test Heavy, Caring, Clear Grading",2.7,59%
TAE-YEOUN KEUM,4.1,https://www.ratemyprofessors.com/professor/2681300,"Tough Grader, Respected, Amazing Lectures, Caring, Participation Matters, Inspirational",3.5,67%
JACKIE SHAY,5.0,https://www.ratemyprofessors.com/professor/3021688,"Amazing Lectures, Hilarious, Caring, Accessible, Clear Grading, Participation Matters, Inspirational",1.9,100%
DOUGLAS MCCAULEY,4.8,https://www.ratemyprofessors.com/professor/2610280,"Lecture Heavy, Amazing Lectures, Caring, Group Projects, Clear Grading, Participation Matters",2,100%
SARAH BRADY,1.8,https://www.ratemyprofessors.com/professor/2772528,Lecture Heavy,2.3,25%
SHAUN ARMSTEAD,5.0,https://www.ratemyprofessors.com/professor/3079768,Participation Matters,3,100%
MATT PORTER,4.4,https://www.ratemyprofessors.com/professor/1857546,"Lecture Heavy, Amazing Lectures, Caring, Extra Credit, Accessible, Clear Grading",2.5,87%
NATHAN SCHLEY,2.5,https://www.ratemyprofessors.com/professor/1984011,"Tough Grader, Hilarious, Caring, Extra Credit, Accessible, Pop Quizzes, Participation Matters",3.3,41%
SCOTT REID,3.6,https://www.ratemyprofessors.com/professor/931361,"Tough Grader, Respected, Lecture Heavy, Test Heavy, Amazing Lectures, Hilarious",3.6,58%
ROBIN NABI,3.6,https://www.ratemyprofessors.com/professor/600908,"Tough Grader, Respected, Lecture Heavy, Amazing Lectures, Caring, Clear Grading",4,54%
MATTHEW LANG,3.6,https://www.ratemyprofessors.com/professor/3081750,"Good Feedback, Test Heavy, Amazing Lectures, Hilarious, Caring, Accessible, Clear Grading, Participation Matters, Inspirational",3,64%
TAGART SOBOTKA,3.4,https://www.ratemyprofessors.com/professor/2946451,"Tough Grader, Lecture Heavy, Amazing Lectures, Caring, Group Projects, Accessible, Participation Matters",3.1,60%
DR. COCO GUTIÃ‰RREZ-MAGALLANES,2.0,https://www.ratemyprofessors.com/professor/2896190,"Hilarious, Caring, Extra Credit, Group Projects, Participation Matters",1.8,27%
QINGHUA DING,4.2,https://www.ratemyprofessors.com/professor/2354857,"Tough Grader, Lecture Heavy, Caring, Accessible, Clear Grading, Participation Matters",1.8,70%
NATHAN SEGURA,5.0,https://www.ratemyprofessors.com/professor/2813586,"Good Feedback, Amazing Lectures, Hilarious, Caring, Participation Matters, Inspirational",2.7,100%
BRYANNA SYLVESTER,3.6,https://www.ratemyprofessors.com/professor/1634616,"Tough Grader, Test Heavy, Hilarious, Caring, Clear Grading",3.4,63%
CINDY BENELLI,2.7,https://www.ratemyprofessors.com/professor/1031087,"Tough Grader, Test Heavy, Amazing Lectures, Hilarious, Caring",2.9,37%
MERCY ANYIKA,3.0,https://www.ratemyprofessors.com/professor/2748603,"Tough Grader, Lecture Heavy, Test Heavy, Hilarious, Pop Quizzes, Participation Matters",4,55%
GORDON ABRA,3.9,https://www.ratemyprofessors.com/professor/1954380,"Tough Grader, Respected, Lecture Heavy, Test Heavy, Amazing Lectures, Hilarious, Participation Matters",3.5,76%
CLAYTON NALL,3.0,https://www.ratemyprofessors.com/professor/2593661,"Tough Grader, Respected, Many Papers, Participation Matters",3.7,57%
JOHN LEW,3.4,https://www.ratemyprofessors.com/professor/587012,"Tough Grader, Lecture Heavy, Test Heavy, Accessible, Clear Grading",3.6,38%
ANTONY MILLNER,2.6,https://www.ratemyprofessors.com/professor/2678607,"Tough Grader, Respected, Test Heavy, Clear Grading",4.2,43%
DENISE MONTELL,3.2,https://www.ratemyprofessors.com/professor/1957168,"Good Feedback, Respected, Lecture Heavy, Test Heavy, Amazing Lectures, Hilarious, Clear Grading, Inspirational",3.3,34%
KAREN GRIGORIAN,2.9,https://www.ratemyprofessors.com/professor/2946937,"Lecture Heavy, Test Heavy, Extra Credit, Participation Matters",3.6,52%
LOAI SALEM,2.7,https://www.ratemyprofessors.com/professor/2583635,"Tough Grader, Test Heavy, Amazing Lectures, Hilarious, Extra Credit",2.5,42%
CRYSTAL MARTIN,3.0,https://www.ratemyprofessors.com/professor/297697,"Tough Grader, Good Feedback, Respected, Lecture Heavy, Test Heavy, Amazing Lectures",4.2,46%
ALAN CRAWLEY,5.0,https://www.ratemyprofessors.com/professor/3108217,"Test Heavy, Amazing Lectures, Caring",4,100%
MARK RODWELL,3.0,https://www.ratemyprofessors.com/professor/568950,"Tough Grader, Lecture Heavy, Amazing Lectures, Hilarious, Group Projects, Accessible, Inspirational",3.4,50%
FAYE WALKER,1.3,https://www.ratemyprofessors.com/professor/3046802,"Tough Grader, Many Papers, Participation Matters",4.6,5%
YOUNGKI HONG,3.3,https://www.ratemyprofessors.com/professor/2403175,"Tough Grader, Respected, Lecture Heavy, Test Heavy, Extra Credit, Clear Grading",2.8,75%
ALAN FRIDLUND,4.1,https://www.ratemyprofessors.com/professor/855,"Tough Grader, Test Heavy, Amazing Lectures, Hilarious, Accessible",3.1,75%
ANDREW BAKER,3.9,https://www.ratemyprofessors.com/professor/2343293,"Tough Grader, Good Feedback, Respected, Caring, Extra Credit, Group Projects",2.6,73%
JASON SOMERVILLE,2.0,https://www.ratemyprofessors.com/professor/3160507,Extra Credit,4,0%
MORGAN GAINER,3.4,https://www.ratemyprofessors.com/professor/1845792,"Tough Grader, Test Heavy, Accessible, Participation Matters",4.1,63%
RALPH ARMBRUSTER-SANDOVAL,4.3,https://www.ratemyprofessors.com/professor/1184167,"Respected, Amazing Lectures, Caring, Accessible, Participation Matters, Inspirational",2.3,94%
OLIVIER DESCHENES,4.1,https://www.ratemyprofessors.com/professor/773936,"Lecture Heavy, Test Heavy, Amazing Lectures, Hilarious, Caring, Clear Grading",3.6,84%
MYRIAM GONZALES SMITH,3.3,https://www.ratemyprofessors.com/professor/857625,"Tough Grader, Caring, Group Projects, Accessible, Participation Matters",3.1,52%
ELENA RAYMOND,3.3,https://www.ratemyprofessors.com/professor/2198952,"Lecture Heavy, Amazing Lectures, Caring, Group Projects, Accessible, Pop Quizzes, Clear Grading",2.8,65%
CLINT SCHOW,2.6,https://www.ratemyprofessors.com/professor/2387242,"Tough Grader, Lecture Heavy, Test Heavy, Hilarious",4.3,37%
PETER CHI,4.9,https://www.ratemyprofessors.com/professor/3047655,"Good Feedback, Respected, Lecture Heavy, Amazing Lectures, Caring, Accessible, Clear Grading, Participation Matters",2.1,100%
ELINOR MASON,4.3,https://www.ratemyprofessors.com/professor/2823058,"Tough Grader, Respected, Amazing Lectures, Caring, Clear Grading",2.7,67%
DAVID PIETRASZEWSKI,5.0,https://www.ratemyprofessors.com/professor/3075571,"Respected, Caring",1,100%
ROBERT GELLER,3.4,https://www.ratemyprofessors.com/professor/73600,"Tough Grader, Test Heavy, Amazing Lectures, Accessible, Clear Grading, Participation Matters",3.3,55%
WALID AFIFI,3.5,https://www.ratemyprofessors.com/professor/933080,"Tough Grader, Good Feedback, Lecture Heavy, Test Heavy, Amazing Lectures, Hilarious, Caring, Extra Credit, Inspirational",3.3,60%
MOHAMAD JARADA,3.5,https://www.ratemyprofessors.com/professor/3108057,"Tough Grader, Good Feedback, Respected",4,50%
JEFFREY HOELLE,4.0,https://www.ratemyprofessors.com/professor/1798681,"Tough Grader, Lecture Heavy, Hilarious, Extra Credit, Many Papers",2.4,72%
BRUCE LIPSHUTZ,3.9,https://www.ratemyprofessors.com/professor/360761,"Respected, Lecture Heavy, Test Heavy, Amazing Lectures, Hilarious, Caring, Inspirational",4,89%
BARRY GIESBRECHT,4.5,https://www.ratemyprofessors.com/professor/485454,"Good Feedback, Respected, Amazing Lectures, Caring, Accessible, Clear Grading, Participation Matters",3,100%
LINA KIM,2.2,https://www.ratemyprofessors.com/professor/1476153,"Good Feedback, Respected, Amazing Lectures, Clear Grading, Participation Matters",3.1,28%
MINGSONG YAN,5.0,https://www.ratemyprofessors.com/professor/3056734,"Amazing Lectures, Caring, Accessible, Clear Grading, Inspirational",1.1,100%
SCOTT PRICE,4.6,https://www.ratemyprofessors.com/professor/1755841,"Good Feedback, Respected, Test Heavy, Amazing Lectures, Hilarious, Caring, Accessible",3.4,93%
PETER GARFIELD,3.8,https://www.ratemyprofessors.com/professor/2184972,"Hilarious, Caring, Accessible, Clear Grading, Participation Matters",2.8,79%
YEKATERINA KATE KHARITONOVA,2.5,https://www.ratemyprofessors.com/professor/2450605,"Tough Grader, Amazing Lectures, Caring, Group Projects, Pop Quizzes, Clear Grading, Participation Matters",3.6,34%
ROBERT (BOB) KENNEDY,4.1,https://www.ratemyprofessors.com/professor/1148287,"Good Feedback, Respected, Lecture Heavy, Amazing Lectures, Hilarious, Caring, Clear Grading, Participation Matters",2.5,85%
THOMAS BARRETT,4.8,https://www.ratemyprofessors.com/professor/2435150,"Amazing Lectures, Hilarious, Caring, Extra Credit, Accessible, Clear Grading",2.3,94%
JEREMY WHITE,3.7,https://www.ratemyprofessors.com/professor/895623,"Lecture Heavy, Extra Credit, Group Projects, Many Papers",2.9,69%
VOLKER WELTER,3.8,https://www.ratemyprofessors.com/professor/463145,"Tough Grader, Lecture Heavy, Amazing Lectures, Accessible, Clear Grading",3,66%
GIULIANA PERRONE,4.6,https://www.ratemyprofessors.com/professor/2294553,"Tough Grader, Respected, Test Heavy, Amazing Lectures, Caring, Accessible, Inspirational",2.6,86%
SAMEER PANDYA,4.4,https://www.ratemyprofessors.com/professor/1252531,"Respected, Lecture Heavy, Amazing Lectures, Inspirational",2.6,89%
DAVID MOKRISKI,4.0,https://www.ratemyprofessors.com/professor/2241164,None,N/A,N/A
DANIEL FRANK,4.9,https://www.ratemyprofessors.com/professor/2464254,"Good Feedback, Respected, Lecture Heavy, Amazing Lectures, Hilarious, Caring, Accessible, Many Papers, Participation Matters",2.3,96%
LETTY GARCIA DAHAN,4.7,https://www.ratemyprofessors.com/professor/3015202,None,N/A,N/A
MATTHIAS WINK,3.2,https://www.ratemyprofessors.com/professor/3083884,"Tough Grader, Lecture Heavy, Test Heavy, Caring, Accessible, Clear Grading",3.3,60%
HAOYANG LIU,3.3,https://www.ratemyprofessors.com/professor/3150367,"Tough Grader, Caring, Clear Grading",3.5,50%
HUNG CHIANG,3.3,https://www.ratemyprofessors.com/professor/3125688,"Tough Grader, Extra Credit, Participation Matters",3,67%
HELEN MORALES,4.2,https://www.ratemyprofessors.com/professor/1406022,"Respected, Amazing Lectures, Hilarious, Accessible, Clear Grading",2,92%
ALICE O'CONNOR,4.0,https://www.ratemyprofessors.com/professor/41969,"Tough Grader, Good Feedback, Amazing Lectures, Participation Matters",3.3,65%
OLGA AZARENKO,2.8,https://www.ratemyprofessors.com/professor/2612875,"Tough Grader, Lecture Heavy, Test Heavy, Hilarious, Extra Credit, Group Projects, Clear Grading",3.8,52%
GREG JARRETT,4.0,https://www.ratemyprofessors.com/professor/1677243,"Test Heavy, Amazing Lectures, Hilarious, Participation Matters",3.2,82%
ALICIA BOSWELL,2.9,https://www.ratemyprofessors.com/professor/2572177,"Tough Grader, Lecture Heavy, Test Heavy, Extra Credit, Clear Grading, Participation Matters",3.3,40%
ROSS MELNICK,4.6,https://www.ratemyprofessors.com/professor/1824808,"Good Feedback, Respected, Amazing Lectures, Hilarious, Caring, Accessible, Inspirational",2.6,86%
MONA DAMLUJI,3.7,https://www.ratemyprofessors.com/professor/2470697,"Tough Grader, Good Feedback, Lecture Heavy, Amazing Lectures, Caring, Accessible, Many Papers, Clear Grading, Participation Matters",2.9,70%
CHRIS JENKINS,3.6,https://www.ratemyprofessors.com/professor/2023910,"Tough Grader, Good Feedback, Respected, Caring, Group Projects, Participation Matters",2.6,67%
TING XIAO,1.7,https://www.ratemyprofessors.com/professor/3129097,"Tough Grader, Lecture Heavy, Extra Credit, Group Projects, Participation Matters",3.3,0%
JANET BOURNE,4.7,https://www.ratemyprofessors.com/professor/2444287,"Lecture Heavy, Caring, Clear Grading, Participation Matters",2.3,100%
RENNE ROTTNER,4.0,https://www.ratemyprofessors.com/professor/2880516,"Good Feedback, Caring, Group Projects, Accessible, Clear Grading",2.7,67%
SARA CALDWELL,4.5,https://www.ratemyprofessors.com/professor/3109103,"Tough Grader, Good Feedback, Lecture Heavy, Hilarious",2.5,100%
ERNEST FREUND,4.4,https://www.ratemyprofessors.com/professor/164131,"Respected, Test Heavy, Amazing Lectures, Hilarious, Caring, Accessible, Clear Grading",2.9,88%
BRENT STRATHMAN,3.4,https://www.ratemyprofessors.com/professor/1991902,"Tough Grader, Respected, Lecture Heavy, Amazing Lectures",4.2,50%
ALEX WROBEL,4.8,https://www.ratemyprofessors.com/professor/2777126,"Tough Grader, Good Feedback, Lecture Heavy, Test Heavy, Amazing Lectures, Hilarious, Caring, Clear Grading",2.5,93%
RANDY BERGSTROM,3.9,https://www.ratemyprofessors.com/professor/54750,"Good Feedback, Respected, Lecture Heavy, Amazing Lectures, Hilarious, Caring, Participation Matters",3.1,52%
WOLF KITTLER,2.7,https://www.ratemyprofessors.com/professor/666453,"Lecture Heavy, Caring, Pop Quizzes, Clear Grading",2.7,33%
SAMANTHA SCUDDER,4.7,https://www.ratemyprofessors.com/professor/2669812,"Lecture Heavy, Amazing Lectures, Caring, Accessible, Clear Grading, Inspirational",2.7,93%
GREG SIEGEL,2.9,https://www.ratemyprofessors.com/professor/1003594,"Tough Grader, Lecture Heavy, Test Heavy, Pop Quizzes",4.1,35%
NADINE RUSSELL,2.4,https://www.ratemyprofessors.com/professor/3085429,"Tough Grader, Test Heavy, Amazing Lectures, Pop Quizzes, Participation Matters",3.4,23%
BRANDON WOO,4.8,https://www.ratemyprofessors.com/professor/3068554,"Respected, Caring, Accessible, Clear Grading, Participation Matters, Inspirational",2,100%
COLIN ALLEN,3.8,https://www.ratemyprofessors.com/professor/2987737,"Respected, Lecture Heavy, Amazing Lectures, Extra Credit, Accessible, Inspirational",3.4,60%
REAGAN HAYNES,2.7,https://www.ratemyprofessors.com/professor/2914500,"Group Projects, Participation Matters",1.7,34%
MEHDI HAGHIGHI,4.0,https://www.ratemyprofessors.com/professor/3109447,"Amazing Lectures, Extra Credit, Accessible, Participation Matters",3,100%
JOHN HARTMAN,2.2,https://www.ratemyprofessors.com/professor/1112610,"Tough Grader, Lecture Heavy, Test Heavy, Clear Grading",3.8,25%
MARYAM MAJEDI,2.6,https://www.ratemyprofessors.com/professor/2938378,"Tough Grader, Test Heavy, Hilarious, Caring, Accessible, Participation Matters",4,45%
KATHLEEN BRUHN,3.4,https://www.ratemyprofessors.com/professor/43810,"Tough Grader, Respected, Lecture Heavy, Amazing Lectures, Many Papers",3.2,56%
BRIAN DONNELLY,4.4,https://www.ratemyprofessors.com/professor/1406076,"Tough Grader, Amazing Lectures, Hilarious, Caring, Accessible",2.8,87%
MELINDA BAHAM,3.9,https://www.ratemyprofessors.com/professor/2914518,"Tough Grader, Good Feedback, Lecture Heavy, Amazing Lectures, Caring, Many Papers, Clear Grading",2.5,80%
YADER LANUZA,3.4,https://www.ratemyprofessors.com/professor/2796649,"Lecture Heavy, Amazing Lectures, Extra Credit, Group Projects, Pop Quizzes, Clear Grading",2,62%
KEVIN ANDERSON,3.7,https://www.ratemyprofessors.com/professor/1399333,"Respected, Lecture Heavy, Amazing Lectures, Pop Quizzes, Clear Grading",2.8,58%
HEATHER STOLL,3.4,https://www.ratemyprofessors.com/professor/524663,"Tough Grader, Lecture Heavy, Test Heavy, Caring, Group Projects, Accessible, Clear Grading, Participation Matters",3.5,46%
PAASHA MAHDAVI,4.4,https://www.ratemyprofessors.com/professor/2533812,"Tough Grader, Respected, Lecture Heavy, Test Heavy, Amazing Lectures, Caring, Accessible, Clear Grading",3.4,85%
JON CHARRY,4.0,https://www.ratemyprofessors.com/professor/3017822,"Lecture Heavy, Amazing Lectures, Caring, Accessible, Clear Grading, Participation Matters",3,84%
LIZ MUNDAY,5.0,https://www.ratemyprofessors.com/professor/3117727,"Good Feedback, Respected, Amazing Lectures, Hilarious, Caring",1.6,100%
DARBY FELDWINN,3.0,https://www.ratemyprofessors.com/professor/1346549,"Tough Grader, Lecture Heavy, Test Heavy, Caring, Extra Credit, Accessible",4.2,31%
JULIO VEGA,5.0,https://www.ratemyprofessors.com/professor/2390052,"Good Feedback, Amazing Lectures, Hilarious, Caring, Accessible, Clear Grading, Inspirational",2.5,100%
PETER BLOOM,2.6,https://www.ratemyprofessors.com/professor/428139,"Tough Grader, Lecture Heavy, Many Papers, Participation Matters",3.8,17%
TOMOYUKI ICHIBA,3.7,https://www.ratemyprofessors.com/professor/1539079,"Tough Grader, Respected, Lecture Heavy, Caring, Extra Credit, Accessible, Clear Grading",2.9,73%
CARAGH BARRY,2.4,https://www.ratemyprofessors.com/professor/2282678,"Tough Grader, Caring, Participation Matters",4.3,19%
JEANNE UMANA,2.6,https://www.ratemyprofessors.com/professor/37034,"Tough Grader, Lecture Heavy",1.7,0%
STANLEY KLEIN,4.3,https://www.ratemyprofessors.com/professor/277079,"Respected, Lecture Heavy, Amazing Lectures, Hilarious, Caring, Accessible, Clear Grading, Inspirational",2.6,84%
DZWOKAI MA,3.2,https://www.ratemyprofessors.com/professor/568490,"Tough Grader, Lecture Heavy, Test Heavy, Amazing Lectures, Extra Credit",4.5,49%
VOULA TSOUNA,3.9,https://www.ratemyprofessors.com/professor/89483,"Tough Grader, Lecture Heavy, Amazing Lectures, Participation Matters, Inspirational",3,83%
JEANNINE DELOMBARD,2.5,https://www.ratemyprofessors.com/professor/2091910,"Tough Grader, Good Feedback, Lecture Heavy, Caring, Accessible, Clear Grading, Participation Matters",4.1,21%
AMY GONZALES,2.8,https://www.ratemyprofessors.com/professor/2518008,"Tough Grader, Good Feedback, Lecture Heavy, Test Heavy, Caring, Extra Credit, Group Projects, Clear Grading",3.4,36%
KEVIN WHITEHEAD,4.4,https://www.ratemyprofessors.com/professor/1158051,"Good Feedback, Respected, Lecture Heavy, Amazing Lectures, Hilarious, Caring, Accessible, Clear Grading, Participation Matters",3,82%
SOMAYEH DODGE,3.5,https://www.ratemyprofessors.com/professor/2657627,"Tough Grader, Amazing Lectures, Caring, Group Projects, Accessible, Clear Grading, Participation Matters, Inspirational",3.3,54%
PETER RUPERT,2.8,https://www.ratemyprofessors.com/professor/1098627,"Tough Grader, Lecture Heavy, Test Heavy",3.7,31%
RALPH AMBRUSTER-SANDOVAL,4.2,https://www.ratemyprofessors.com/professor/172227,"Good Feedback, Amazing Lectures, Caring, Accessible, Clear Grading, Inspirational",2.4,100%
TANAKA SALDIVAR,4.1,https://www.ratemyprofessors.com/professor/1553008,"Respected, Amazing Lectures, Caring, Group Projects, Clear Grading, Participation Matters",2.3,67%
DANIEL MARTIN,5.0,https://www.ratemyprofessors.com/professor/3108841,"Amazing Lectures, Hilarious, Caring, Many Papers",3.3,100%
NATCHEE BARND,5.0,https://www.ratemyprofessors.com/professor/3144070,None,1,100%
SENG LOW,2.4,https://www.ratemyprofessors.com/professor/1256774,"Tough Grader, Lecture Heavy, Test Heavy, Hilarious, Group Projects",4.3,22%
SILVIA BERMUDEZ,3.1,https://www.ratemyprofessors.com/professor/549479,"Tough Grader, Good Feedback, Lecture Heavy, Clear Grading, Participation Matters",3.3,21%
JAIME ALVES,2.8,https://www.ratemyprofessors.com/professor/2558342,"Tough Grader, Lecture Heavy, Amazing Lectures, Extra Credit, Many Papers, Participation Matters",3.2,46%
TARA TOBER,4.6,https://www.ratemyprofessors.com/professor/2351706,"Respected, Lecture Heavy, Test Heavy, Amazing Lectures, Caring, Group Projects, Accessible, Clear Grading",2.2,92%
KEREM CAMSARI,4.8,https://www.ratemyprofessors.com/professor/2960689,"Lecture Heavy, Test Heavy, Amazing Lectures, Caring, Accessible, Inspirational",2.8,100%
V. PALANIAPPAN,2.9,https://www.ratemyprofessors.com/professor/3041445,"Tough Grader, Test Heavy, Caring, Clear Grading",3.5,53%
AN BUI,1.0,https://www.ratemyprofessors.com/professor/3079583,Tough Grader,5,0%
TAMSIN GERMAN,4.5,https://www.ratemyprofessors.com/professor/289948,"Respected, Amazing Lectures, Hilarious, Caring, Accessible, Clear Grading",2,93%
JACK MILLER,4.7,https://www.ratemyprofessors.com/professor/2889823,"Good Feedback, Respected, Amazing Lectures, Caring, Extra Credit, Clear Grading, Inspirational",2,98%
GERARDO ALDANA,3.1,https://www.ratemyprofessors.com/professor/421368,"Respected, Amazing Lectures, Hilarious, Extra Credit, Group Projects, Inspirational",3.6,100%
SARAH HOLMES,2.8,https://www.ratemyprofessors.com/professor/3044607,"Tough Grader, Lecture Heavy, Test Heavy, Extra Credit, Pop Quizzes, Participation Matters",2,56%
STEPHANIE PAZOS,1.0,https://www.ratemyprofessors.com/professor/3080855,"Tough Grader, Test Heavy, Many Papers, Participation Matters",4.3,0%
SEBASTIAN STREICHAN,4.5,https://www.ratemyprofessors.com/professor/2354923,"Good Feedback, Respected, Lecture Heavy, Amazing Lectures, Extra Credit, Accessible, Clear Grading",2.8,100%
AMOS NATIDO,4.1,https://www.ratemyprofessors.com/professor/3149691,"Good Feedback, Respected, Lecture Heavy, Caring, Extra Credit, Clear Grading",2,100%
XIANZHE DAI,2.6,https://www.ratemyprofessors.com/professor/346088,"Tough Grader, Lecture Heavy, Test Heavy, Amazing Lectures, Hilarious, Caring, Clear Grading, Inspirational",3.5,23%
SCOTT FULKERSON,4.3,https://www.ratemyprofessors.com/professor/2346208,"Respected, Test Heavy, Amazing Lectures, Hilarious, Caring, Group Projects, Clear Grading",3.9,85%
HILARY BERNSTEIN,4.0,https://www.ratemyprofessors.com/professor/543961,"Tough Grader, Lecture Heavy, Amazing Lectures, Many Papers, Clear Grading, Participation Matters",3.2,67%
PUJA PANDEY,4.0,https://www.ratemyprofessors.com/professor/2988389,"Tough Grader, Lecture Heavy, Test Heavy, Amazing Lectures, Caring, Group Projects, Pop Quizzes",3,73%
TIMOTHY GILMORE,3.0,https://www.ratemyprofessors.com/professor/2020145,"Amazing Lectures, Pop Quizzes, Clear Grading, Participation Matters",2.6,44%
ERIKA ARENAS-VELAZQUEZ,2.2,https://www.ratemyprofessors.com/professor/2235158,"Tough Grader, Amazing Lectures, Caring, Extra Credit, Accessible",3.2,25%
JEN MARTIN,3.4,https://www.ratemyprofessors.com/professor/1981967,"Tough Grader, Lecture Heavy, Caring, Many Papers, Participation Matters",2.9,61%
MARK ORLANDO,4.4,https://www.ratemyprofessors.com/professor/1969949,"Respected, Lecture Heavy, Test Heavy, Amazing Lectures, Hilarious, Caring, Extra Credit, Group Projects, Accessible, Clear Grading, Participation Matters, Inspirational",2.5,84%
DAVID PELLOW,4.9,https://www.ratemyprofessors.com/professor/2151033,"Respected, Amazing Lectures, Hilarious, Caring, Extra Credit, Pop Quizzes, Clear Grading, Inspirational",2.3,100%
DENISE SEGURA,2.0,https://www.ratemyprofessors.com/professor/239947,"Tough Grader, Participation Matters",3.6,9%
JOE CHADA,4.5,https://www.ratemyprofessors.com/professor/2517201,"Good Feedback, Lecture Heavy, Amazing Lectures, Caring, Group Projects, Accessible, Inspirational",2.9,93%
CATHERINE TAYLOR,3.3,https://www.ratemyprofessors.com/professor/2468644,"Tough Grader, Good Feedback, Amazing Lectures, Caring, Extra Credit, Participation Matters",3.2,55%
ELOI GRASSET,4.6,https://www.ratemyprofessors.com/professor/2146665,"Tough Grader, Good Feedback, Respected, Lecture Heavy, Amazing Lectures, Hilarious, Caring, Clear Grading, Participation Matters",2.7,94%
DAVID MALVINNI,2.7,https://www.ratemyprofessors.com/professor/2992085,"Tough Grader, Lecture Heavy, Group Projects, Participation Matters",2.2,34%
OMAR PIMIENTA,5.0,https://www.ratemyprofessors.com/professor/3018042,"Good Feedback, Respected, Amazing Lectures, Hilarious, Clear Grading, Inspirational",3.6,100%
ERIK NIELSEN,3.9,https://www.ratemyprofessors.com/professor/1254486,"Lecture Heavy, Amazing Lectures, Hilarious, Caring, Accessible, Clear Grading",2.6,72%
JEAN CARLSON,2.8,https://www.ratemyprofessors.com/professor/1477994,"Tough Grader, Lecture Heavy, Caring, Extra Credit, Clear Grading, Participation Matters",3.9,53%
MATTO MILDENBERGER,4.0,https://www.ratemyprofessors.com/professor/2206290,"Respected, Lecture Heavy, Amazing Lectures, Caring, Group Projects, Participation Matters",3.3,74%
CAROL MOREJON,5.0,https://www.ratemyprofessors.com/professor/3153468,"Caring, Participation Matters",3,100%
HASAN EL-HASAN,4.9,https://www.ratemyprofessors.com/professor/3121401,"Respected, Amazing Lectures, Hilarious, Caring, Extra Credit, Accessible, Clear Grading, Inspirational",2.3,100%
DAVID CARR,4.4,https://www.ratemyprofessors.com/professor/748114,"Respected, Lecture Heavy, Amazing Lectures, Caring, Extra Credit, Inspirational",2.7,100%
ALYSON SANTORO,5.0,https://www.ratemyprofessors.com/professor/2355075,"Good Feedback, Respected, Lecture Heavy, Caring, Accessible, Clear Grading, Participation Matters",2.2,100%
RHEA BAKSHI,4.2,https://www.ratemyprofessors.com/professor/3042736,"Good Feedback, Respected, Test Heavy, Amazing Lectures, Caring, Extra Credit, Clear Grading",2.9,83%
JUSTIN WILSON,3.7,https://www.ratemyprofessors.com/professor/3150990,"Good Feedback, Lecture Heavy, Test Heavy, Amazing Lectures, Caring, Accessible, Clear Grading",3.5,60%
HANNAH STEVENS,3.3,https://www.ratemyprofessors.com/professor/3129627,"Tough Grader, Good Feedback, Lecture Heavy, Test Heavy, Amazing Lectures, Group Projects, Participation Matters",2.3,56%
ELIZABETH DIGESER,2.8,https://www.ratemyprofessors.com/professor/464938,"Tough Grader, Lecture Heavy, Pop Quizzes, Participation Matters",3.7,49%
CHRISTOPHER BERNT,2.9,https://www.ratemyprofessors.com/professor/2184986,"Tough Grader, Lecture Heavy, Test Heavy, Caring, Accessible, Participation Matters",3.7,51%
RUDOLPH WARE,3.3,https://www.ratemyprofessors.com/professor/2499604,"Lecture Heavy, Test Heavy, Amazing Lectures, Clear Grading, Inspirational",2.9,58%
MARVIN SANTIAGO,1.3,https://www.ratemyprofessors.com/professor/3143978,"Tough Grader, Test Heavy",4.7,0%
VICTOR RIOS,4.1,https://www.ratemyprofessors.com/professor/1253214,"Tough Grader, Respected, Amazing Lectures, Caring, Extra Credit, Accessible, Clear Grading, Participation Matters, Inspirational",2,67%
ANDREW WATTS,4.0,https://www.ratemyprofessors.com/professor/2665675,"Good Feedback, Amazing Lectures, Hilarious, Caring, Accessible, Clear Grading",1.8,75%
MATT RIOUX,4.4,https://www.ratemyprofessors.com/professor/2265040,"Tough Grader, Good Feedback, Respected, Lecture Heavy, Amazing Lectures, Caring, Accessible, Clear Grading, Participation Matters, Inspirational",3,80%
BERNADETTE ANDREA,4.1,https://www.ratemyprofessors.com/professor/2386798,"Respected, Lecture Heavy, Amazing Lectures, Caring, Many Papers, Clear Grading, Participation Matters, Inspirational",2.9,71%
DANIEL LOKSHTANOV,3.7,https://www.ratemyprofessors.com/professor/2469933,"Tough Grader, Lecture Heavy, Amazing Lectures, Caring, Accessible",4.1,60%
JANET AFARY,3.8,https://www.ratemyprofessors.com/professor/1422158,"Respected, Lecture Heavy, Test Heavy, Accessible, Clear Grading, Participation Matters",2.6,80%
KATE MCDONALD,4.5,https://www.ratemyprofessors.com/professor/2182410,"Good Feedback, Lecture Heavy, Caring, Clear Grading",2.3,90%
PETER BOYLAND,1.9,https://www.ratemyprofessors.com/professor/3003411,"Tough Grader, Amazing Lectures, Accessible, Clear Grading, Participation Matters, Inspirational",4.4,15%
GIOVANNI VIGNA,3.8,https://www.ratemyprofessors.com/professor/1264467,"Group Projects, Many Papers",4.1,50%
TENGIZ BIBILASHVILI,4.6,https://www.ratemyprofessors.com/professor/1831205,"Respected, Lecture Heavy, Test Heavy, Amazing Lectures, Hilarious, Caring, Accessible, Inspirational",3.2,97%
NEIL NARANG,4.8,https://www.ratemyprofessors.com/professor/1983498,"Good Feedback, Respected, Amazing Lectures, Hilarious, Caring, Inspirational",3.1,99%
JON NATHAN,2.4,https://www.ratemyprofessors.com/professor/653777,"Tough Grader, Good Feedback, Clear Grading, Participation Matters",3.2,35%
MARION PHILLIPS,5.0,https://www.ratemyprofessors.com/professor/2807649,"Respected, Amazing Lectures, Caring, Group Projects, Participation Matters",2.8,100%
TEJASWI NERELLA,3.7,https://www.ratemyprofessors.com/professor/3015715,"Good Feedback, Caring, Accessible, Participation Matters, Inspirational",4,67%
LAILA SAKR,3.5,https://www.ratemyprofessors.com/professor/2678292,"Caring, Group Projects, Pop Quizzes",2,50%
ANDREW FLANAGIN,3.6,https://www.ratemyprofessors.com/professor/23375,"Respected, Lecture Heavy, Test Heavy, Amazing Lectures, Hilarious, Accessible, Clear Grading, Inspirational",4,57%
HENRY SANDER,3.6,https://www.ratemyprofessors.com/professor/123024,"Tough Grader, Good Feedback, Respected, Lecture Heavy, Amazing Lectures, Inspirational",4,100%
TAMMY AFIFI,4.3,https://www.ratemyprofessors.com/professor/954206,"Tough Grader, Respected, Amazing Lectures, Caring, Accessible, Clear Grading, Participation Matters",2.8,71%
KAREN MYERS,4.2,https://www.ratemyprofessors.com/professor/995360,"Tough Grader, Amazing Lectures, Caring, Pop Quizzes, Clear Grading, Inspirational",2.4,71%
AAZAM FEIZ,5.0,https://www.ratemyprofessors.com/professor/2475022,"Good Feedback, Respected, Amazing Lectures, Caring, Accessible, Clear Grading, Participation Matters, Inspirational",1.7,100%
ANNA BRUSUTTI,3.1,https://www.ratemyprofessors.com/professor/268051,"Tough Grader, Respected, Lecture Heavy, Hilarious, Caring, Many Papers, Inspirational",2.9,44%
CRAIG COTICH,4.2,https://www.ratemyprofessors.com/professor/409817,"Tough Grader, Good Feedback, Respected, Amazing Lectures, Caring, Accessible, Clear Grading, Participation Matters",2.9,67%
ANDY WYSS,2.8,https://www.ratemyprofessors.com/professor/2381552,"Tough Grader, Lecture Heavy, Test Heavy, Caring",3.8,30%
AMY PROPEN,4.8,https://www.ratemyprofessors.com/professor/2151979,"Good Feedback, Respected, Caring, Group Projects, Accessible, Clear Grading, Participation Matters",1.7,100%
ROSE MACLEAN,5.0,https://www.ratemyprofessors.com/professor/1968571,"Tough Grader, Good Feedback, Hilarious, Caring, Pop Quizzes, Clear Grading",2.2,100%
CINDY MAYER,4.0,https://www.ratemyprofessors.com/professor/2579425,"Tough Grader, Caring, Group Projects, Participation Matters",2,100%
ANDRE CORREA DE SA,4.3,https://www.ratemyprofessors.com/professor/2430948,"Good Feedback, Lecture Heavy, Clear Grading, Participation Matters",2.2,84%
DOROTA DUTSCH,4.2,https://www.ratemyprofessors.com/professor/865785,"Tough Grader, Good Feedback, Amazing Lectures, Caring, Clear Grading",2.8,58%
MITCHELL KAUFFMAN,4.3,https://www.ratemyprofessors.com/professor/2599987,"Lecture Heavy, Amazing Lectures, Hilarious, Caring, Group Projects, Accessible, Clear Grading, Participation Matters, Inspirational",3.1,65%
ALIREZA HOSSEINKHAN,1.5,https://www.ratemyprofessors.com/professor/3081046,"Tough Grader, Extra Credit, Clear Grading",3.8,0%
UMA RAVAT,2.4,https://www.ratemyprofessors.com/professor/2633478,"Tough Grader, Good Feedback, Lecture Heavy, Test Heavy, Hilarious, Caring, Extra Credit, Clear Grading",3.9,35%
ALISA TAZHITDINOVA,2.2,https://www.ratemyprofessors.com/professor/2556139,"Tough Grader, Lecture Heavy, Test Heavy, Clear Grading",3.6,32%
MARIBEL BUENO,3.5,https://www.ratemyprofessors.com/professor/1038380,"Tough Grader, Good Feedback, Test Heavy, Caring, Group Projects, Participation Matters",3.3,75%
KAREL CASTEELS,4.3,https://www.ratemyprofessors.com/professor/1504927,"Lecture Heavy, Amazing Lectures, Caring, Accessible, Clear Grading, Participation Matters, Inspirational",2.8,82%
GUOFANG WEI,2.0,https://www.ratemyprofessors.com/professor/2226208,"Tough Grader, Lecture Heavy, Test Heavy, Amazing Lectures, Caring",3.9,28%
NABEEL NASIR,4.9,https://www.ratemyprofessors.com/professor/3065963,"Good Feedback, Amazing Lectures, Caring, Extra Credit, Accessible, Inspirational",2.3,100%
OMISE'EKE TINSLEY,5.0,https://www.ratemyprofessors.com/professor/2605741,"Respected, Lecture Heavy, Amazing Lectures, Hilarious, Caring, Extra Credit, Clear Grading",2.3,100%
QIRUI PENG,4.6,https://www.ratemyprofessors.com/professor/3136865,"Good Feedback, Respected, Lecture Heavy, Test Heavy, Caring, Accessible, Clear Grading, Inspirational",2.1,72%
ANNA SCHEWELEW,5.0,https://www.ratemyprofessors.com/professor/3133504,"Good Feedback, Caring, Accessible, Participation Matters",3,100%
PETER ALAGONA,4.5,https://www.ratemyprofessors.com/professor/1701804,"Respected, Amazing Lectures, Caring, Extra Credit, Accessible, Clear Grading, Inspirational",2.5,89%
DAN LINZ,3.7,https://www.ratemyprofessors.com/professor/295619,"Good Feedback, Respected, Amazing Lectures, Hilarious, Caring, Accessible, Pop Quizzes, Many Papers, Inspirational",2.5,92%
MIGUEL ECKSTEIN,4.1,https://www.ratemyprofessors.com/professor/351446,"Lecture Heavy, Test Heavy, Amazing Lectures, Caring, Extra Credit, Accessible, Participation Matters, Inspirational",3.1,74%
SWATI RANA,3.3,https://www.ratemyprofessors.com/professor/1824075,"Tough Grader, Amazing Lectures, Caring, Clear Grading",3.1,50%
ANNIE WERTZ,5.0,https://www.ratemyprofessors.com/professor/3044663,"Respected, Amazing Lectures, Caring, Extra Credit, Clear Grading, Participation Matters",1.7,100%
JEAN-MARIE VOLLAND,4.6,https://www.ratemyprofessors.com/professor/3032131,"Respected, Lecture Heavy, Test Heavy, Amazing Lectures, Caring, Accessible, Participation Matters, Inspirational",2.9,86%
TIFFANY TA,5.0,https://www.ratemyprofessors.com/professor/2954285,"Good Feedback, Amazing Lectures, Hilarious, Caring, Accessible, Inspirational",1.6,100%
STEFANIE TCHAROS,4.7,https://www.ratemyprofessors.com/professor/854637,"Good Feedback, Respected, Lecture Heavy, Caring, Participation Matters, Inspirational",3.1,100%
TY VERNON,5.0,https://www.ratemyprofessors.com/professor/2558661,"Good Feedback, Lecture Heavy, Amazing Lectures, Hilarious, Caring, Clear Grading, Inspirational",1.3,100%
COSMIN BORSA,2.7,https://www.ratemyprofessors.com/professor/2718842,"Tough Grader, Lecture Heavy",4.3,34%
SUMA IKEUCHI,5.0,https://www.ratemyprofessors.com/professor/3081752,"Respected, Test Heavy, Amazing Lectures, Extra Credit, Clear Grading",2.7,100%
RICK YE,1.9,https://www.ratemyprofessors.com/professor/289498,"Tough Grader, Lecture Heavy, Test Heavy, Hilarious",3.5,20%
DENIS LABUTIN,2.8,https://www.ratemyprofessors.com/professor/324784,"Lecture Heavy, Caring, Extra Credit, Accessible, Clear Grading",2.3,62%
VLADIMIR HAMED-TROYANSKY,4.7,https://www.ratemyprofessors.com/professor/2794650,"Amazing Lectures, Caring, Extra Credit, Clear Grading, Participation Matters",2.8,100%
MARTHA SPRIGGE,4.3,https://www.ratemyprofessors.com/professor/2117084,"Tough Grader, Respected, Lecture Heavy, Hilarious, Caring, Participation Matters",3,89%
ZIAD MATNI,4.1,https://www.ratemyprofessors.com/professor/2178071,"Tough Grader, Respected, Lecture Heavy, Test Heavy, Amazing Lectures, Hilarious, Caring, Accessible, Inspirational",3,81%
KATIE COBURN,3.1,https://www.ratemyprofessors.com/professor/2729512,"Tough Grader, Lecture Heavy, Test Heavy, Caring, Extra Credit, Pop Quizzes, Clear Grading",3,54%
RENEE HOUSTON,3.2,https://www.ratemyprofessors.com/professor/2945822,"Lecture Heavy, Test Heavy, Amazing Lectures, Caring, Extra Credit, Group Projects, Participation Matters",3,62%
KAI THALER,5.0,https://www.ratemyprofessors.com/professor/2573489,"Good Feedback, Amazing Lectures, Caring, Group Projects, Clear Grading, Participation Matters, Inspirational",2.6,100%
TONIE SCROGGIN,3.7,https://www.ratemyprofessors.com/professor/3132241,"Lecture Heavy, Test Heavy, Hilarious, Caring, Accessible, Clear Grading, Inspirational",3.3,67%
KELLY BEDARD,2.9,https://www.ratemyprofessors.com/professor/907405,"Tough Grader, Lecture Heavy, Test Heavy, Clear Grading",3.7,45%
MATT JACKSON,4.5,https://www.ratemyprofessors.com/professor/2046041,"Lecture Heavy, Test Heavy, Amazing Lectures, Hilarious, Caring, Group Projects, Clear Grading, Inspirational",2.1,87%
CAROLE PAUL,2.9,https://www.ratemyprofessors.com/professor/351220,"Tough Grader, Lecture Heavy, Test Heavy, Amazing Lectures, Accessible, Participation Matters",3.3,28%
SKIRMANTAS JANUSONIS,4.1,https://www.ratemyprofessors.com/professor/956539,"Respected, Lecture Heavy, Test Heavy, Amazing Lectures, Caring, Accessible, Clear Grading, Inspirational",3,77%
RUDY BUSTO,4.1,https://www.ratemyprofessors.com/professor/398812,"Lecture Heavy, Test Heavy, Amazing Lectures, Hilarious, Extra Credit, Inspirational",2.4,67%
LANNY EBENSTEIN,3.1,https://www.ratemyprofessors.com/professor/1983433,"Tough Grader, Lecture Heavy, Pop Quizzes, Many Papers, Participation Matters",2.9,50%
NICOLE WARWICK,4.7,https://www.ratemyprofessors.com/professor/1886356,"Good Feedback, Caring, Group Projects, Accessible, Clear Grading, Participation Matters, Inspirational",2.2,92%
WONA LEE,5.0,https://www.ratemyprofessors.com/professor/2489885,"Good Feedback, Respected, Caring, Extra Credit, Group Projects, Accessible, Clear Grading, Participation Matters",2.1,100%
PAUL OEHLMANN,4.2,https://www.ratemyprofessors.com/professor/3063864,"Good Feedback, Lecture Heavy, Test Heavy, Amazing Lectures, Hilarious, Clear Grading",3,100%
KM MOORE,3.4,https://www.ratemyprofessors.com/professor/1330445,"Amazing Lectures, Caring, Participation Matters",2.6,100%
NICK JURKOWSKI,4.3,https://www.ratemyprofessors.com/professor/2778054,"Good Feedback, Lecture Heavy, Amazing Lectures, Caring, Clear Grading, Inspirational",3,75%
CHARLES AKEMANN,2.1,https://www.ratemyprofessors.com/professor/15055,"Tough Grader, Respected, Test Heavy, Hilarious, Inspirational",3.9,19%
PEDRO CRAVEIRO,5.0,https://www.ratemyprofessors.com/professor/2238787,"Good Feedback, Respected, Amazing Lectures, Hilarious, Caring, Accessible, Clear Grading, Participation Matters, Inspirational",3,100%
CHRISTOPHER DEAN,4.9,https://www.ratemyprofessors.com/professor/852141,"Good Feedback, Respected, Amazing Lectures, Hilarious, Caring, Clear Grading, Inspirational",1.6,100%
ELIZABETH SAUR,4.9,https://www.ratemyprofessors.com/professor/2520672,"Good Feedback, Amazing Lectures, Caring, Extra Credit, Group Projects, Accessible, Clear Grading, Participation Matters",2.5,100%
EMILIE DRESSAIRE,4.8,https://www.ratemyprofessors.com/professor/2559096,"Good Feedback, Amazing Lectures, Caring",2.8,100%
BRICE ERICKSON,4.3,https://www.ratemyprofessors.com/professor/421896,"Lecture Heavy, Amazing Lectures, Hilarious, Participation Matters",2.6,84%
LJILJANA COKLIN,3.8,https://www.ratemyprofessors.com/professor/189973,"Tough Grader, Good Feedback, Caring, Group Projects, Many Papers, Clear Grading, Participation Matters",3,89%
DAVID NIKITYN,5.0,https://www.ratemyprofessors.com/professor/3054276,"Good Feedback, Amazing Lectures, Hilarious, Caring, Accessible, Clear Grading, Inspirational",1.8,100%
THOMAS MAZANEC,4.1,https://www.ratemyprofessors.com/professor/2464677,"Respected, Lecture Heavy, Amazing Lectures, Clear Grading, Participation Matters",2.6,73%
WILLIAM FLEMING,4.8,https://www.ratemyprofessors.com/professor/2992481,"Good Feedback, Respected, Amazing Lectures, Hilarious, Caring, Accessible, Clear Grading",2.6,100%
KRISTY HAMILTON,4.2,https://www.ratemyprofessors.com/professor/2676927,"Tough Grader, Good Feedback, Lecture Heavy, Amazing Lectures, Caring, Group Projects, Many Papers, Clear Grading, Participation Matters",2.9,85%
ADINA ROSKIES,1.9,https://www.ratemyprofessors.com/professor/2993009,"Tough Grader, Good Feedback, Respected, Test Heavy, Accessible",4.8,24%
THOMAS PETTUS,2.3,https://www.ratemyprofessors.com/professor/335426,"Tough Grader, Lecture Heavy, Test Heavy",4.4,31%
CRAIG RAWLINGS,4.7,https://www.ratemyprofessors.com/professor/1667800,"Amazing Lectures, Hilarious, Caring, Accessible, Participation Matters, Inspirational",2.2,95%
FREDERIC GIBOU,4.0,https://www.ratemyprofessors.com/professor/862494,"Tough Grader, Lecture Heavy, Test Heavy, Amazing Lectures, Hilarious, Caring, Accessible, Clear Grading",2.5,95%
DOMINIC STEAVU-BALINT,4.6,https://www.ratemyprofessors.com/professor/1888746,"Good Feedback, Lecture Heavy, Test Heavy, Amazing Lectures, Many Papers, Clear Grading, Participation Matters",2.4,95%
SPENCER SMITH,2.9,https://www.ratemyprofessors.com/professor/2918454,"Lecture Heavy, Test Heavy, Hilarious, Extra Credit, Clear Grading",3.3,50%
JULIE SWENSON,4.3,https://www.ratemyprofessors.com/professor/2227068,"Lecture Heavy, Test Heavy, Amazing Lectures, Caring, Accessible, Clear Grading",3,88%
BRUCE BIMBER,4.0,https://www.ratemyprofessors.com/professor/68204,"Tough Grader, Lecture Heavy, Test Heavy, Amazing Lectures, Group Projects, Inspirational",3.7,75%
STUART SWEENEY,3.2,https://www.ratemyprofessors.com/professor/1459,"Good Feedback, Test Heavy, Caring, Extra Credit, Many Papers, Clear Grading",2.4,78%
CAMILLA FIORINA,4.9,https://www.ratemyprofessors.com/professor/546131,"Tough Grader, Good Feedback, Respected, Caring, Extra Credit, Clear Grading, Participation Matters",2.1,100%
ANDY MEROLLA,4.9,https://www.ratemyprofessors.com/professor/2194067,"Good Feedback, Respected, Amazing Lectures, Hilarious, Caring, Group Projects, Clear Grading, Participation Matters, Inspirational",2.6,97%
JOE MCFADDEN,4.4,https://www.ratemyprofessors.com/professor/1400365,"Good Feedback, Respected, Lecture Heavy, Caring, Accessible, Clear Grading, Participation Matters",2.8,100%
ELIZABETH PEREZ,3.6,https://www.ratemyprofessors.com/professor/2268260,"Tough Grader, Lecture Heavy, Caring, Extra Credit, Accessible, Many Papers, Clear Grading, Participation Matters, Inspirational",2.8,75%
JESSICA ESPINO,2.3,https://www.ratemyprofessors.com/professor/3077807,"Tough Grader, Lecture Heavy, Test Heavy, Amazing Lectures, Extra Credit, Clear Grading, Participation Matters",2.6,25%
AILI PETTERSSON PEEKER,5.0,https://www.ratemyprofessors.com/professor/3042154,"Good Feedback, Amazing Lectures, Caring, Clear Grading, Participation Matters, Inspirational",1.6,100%
KENNETH (KEN) HILTNER,3.7,https://www.ratemyprofessors.com/professor/932951,"Tough Grader, Respected, Lecture Heavy, Test Heavy, Caring, Clear Grading, Participation Matters, Inspirational",2.7,66%
RICHARD HAIEM,3.3,https://www.ratemyprofessors.com/professor/3106490,"Tough Grader, Good Feedback, Participation Matters, Inspirational",3,58%
JAVIER READ DE ALANIZ,4.1,https://www.ratemyprofessors.com/professor/2021912,"Tough Grader, Respected, Lecture Heavy, Test Heavy, Amazing Lectures, Hilarious, Caring, Accessible",3.8,75%
ANNA PAJAK,4.8,https://www.ratemyprofessors.com/professor/2657283,"Good Feedback, Amazing Lectures, Caring, Clear Grading, Participation Matters, Inspirational",1.5,100%
PETRA KRANZFELDER,4.5,https://www.ratemyprofessors.com/professor/2982660,"Good Feedback, Amazing Lectures, Caring, Extra Credit, Group Projects, Accessible, Clear Grading, Participation Matters, Inspirational",2.1,100%
MENGYANG MICHAEL GU,3.9,https://www.ratemyprofessors.com/professor/2525428,"Tough Grader, Good Feedback, Lecture Heavy, Amazing Lectures, Extra Credit, Participation Matters",3.3,45%
BOB ANDERSON,3.4,https://www.ratemyprofessors.com/professor/409420,"Tough Grader, Lecture Heavy, Test Heavy, Amazing Lectures",3.5,54%
WILLIAM ELISON,4.2,https://www.ratemyprofessors.com/professor/2342733,None,N/A,N/A
NINO GONZALEZ,2.4,https://www.ratemyprofessors.com/professor/2496787,None,N/A,N/A
NINA MIOLANE,3.6,https://www.ratemyprofessors.com/professor/2744929,"Amazing Lectures, Extra Credit, Clear Grading, Participation Matters",2.7,84%
FRANCESCO BULLO,4.1,https://www.ratemyprofessors.com/professor/616057,None,3.5,100%
LEAH CHIRINOS-ALEMAN,4.1,https://www.ratemyprofessors.com/professor/1982897,"Good Feedback, Caring, Accessible, Participation Matters",3.1,100%
ANTHONY GRECO,3.8,https://www.ratemyprofessors.com/professor/2441782,"Tough Grader, Good Feedback, Hilarious, Caring, Group Projects, Accessible, Clear Grading",2.8,50%
BRIAN WAINWRIGHT,3.1,https://www.ratemyprofessors.com/professor/2530808,"Tough Grader, Lecture Heavy, Test Heavy, Hilarious, Caring, Accessible, Clear Grading, Participation Matters",3.5,56%
BRIAN ERNST,4.9,https://www.ratemyprofessors.com/professor/1693991,"Good Feedback, Hilarious, Caring, Group Projects, Clear Grading, Inspirational",2,100%
DAVIT HARUTYUNYAN,2.9,https://www.ratemyprofessors.com/professor/2518738,"Tough Grader, Good Feedback, Lecture Heavy, Test Heavy, Amazing Lectures, Accessible",3.9,50%
JITENDRA RATHORE,4.3,https://www.ratemyprofessors.com/professor/3046038,"Tough Grader, Good Feedback, Amazing Lectures, Caring, Accessible",2.7,79%
CARL MEINHART,4.6,https://www.ratemyprofessors.com/professor/538365,"Tough Grader, Respected, Test Heavy, Caring, Accessible, Inspirational",3.5,100%
SAMANTHA DALY,4.0,https://www.ratemyprofessors.com/professor/2330592,"Good Feedback, Test Heavy, Amazing Lectures, Caring, Accessible",3.3,82%
IGNACIO ESPONDA,5.0,https://www.ratemyprofessors.com/professor/2554527,"Respected, Amazing Lectures, Hilarious, Caring, Extra Credit, Accessible, Clear Grading, Participation Matters",2.7,100%
JOAO HESPANHA,4.9,https://www.ratemyprofessors.com/professor/937373,"Respected, Amazing Lectures, Caring, Group Projects, Accessible, Clear Grading, Inspirational",1.9,100%
ENOCH YEUNG,4.6,https://www.ratemyprofessors.com/professor/2555743,"Good Feedback, Lecture Heavy, Amazing Lectures, Hilarious, Caring, Extra Credit, Accessible, Inspirational",3.3,82%
ALEXANDER FRANKS,4.6,https://www.ratemyprofessors.com/professor/2578431,"Tough Grader, Respected, Test Heavy, Amazing Lectures, Accessible, Clear Grading, Participation Matters, Inspirational",3.2,88%
YUKIKO TSUCHIYA,5.0,https://www.ratemyprofessors.com/professor/2842873,"Good Feedback, Lecture Heavy, Hilarious, Caring, Accessible, Participation Matters",2.7,100%
FRANCIS DUNN,3.7,https://www.ratemyprofessors.com/professor/149977,"Lecture Heavy, Amazing Lectures, Hilarious, Clear Grading",2.6,56%
ROBERT LEWIS,4.4,https://www.ratemyprofessors.com/professor/2170428,"Lecture Heavy, Test Heavy, Amazing Lectures, Caring, Accessible, Clear Grading",4,89%
VANESSA WOODS,3.5,https://www.ratemyprofessors.com/professor/823219,"Tough Grader, Lecture Heavy, Caring, Group Projects, Accessible, Participation Matters",3.5,54%
LIOR SEPUNARU,4.4,https://www.ratemyprofessors.com/professor/2420291,"Good Feedback, Respected, Amazing Lectures, Caring, Extra Credit, Accessible, Clear Grading, Inspirational",3.9,87%
LUKE ROBERTS,4.2,https://www.ratemyprofessors.com/professor/315248,"Good Feedback, Respected, Amazing Lectures, Caring, Extra Credit, Accessible, Clear Grading",2.4,83%
JONATHAN SCHOOLER,3.5,https://www.ratemyprofessors.com/professor/1138550,"Respected, Lecture Heavy, Test Heavy, Amazing Lectures, Extra Credit, Clear Grading",3.1,68%
GEORGIOS KOUTROULAKIS,4.3,https://www.ratemyprofessors.com/professor/2241089,"Respected, Lecture Heavy, Amazing Lectures, Hilarious, Clear Grading, Participation Matters",3.5,84%
SCOTT MARCUS,3.3,https://www.ratemyprofessors.com/professor/49030,"Lecture Heavy, Amazing Lectures, Hilarious, Participation Matters, Inspirational",1.9,43%
LISA JACOBSON,4.0,https://www.ratemyprofessors.com/professor/419645,"Tough Grader, Good Feedback, Amazing Lectures, Group Projects, Participation Matters",3.1,72%
PETER HUK,4.4,https://www.ratemyprofessors.com/professor/895021,"Good Feedback, Caring, Group Projects, Accessible, Clear Grading, Participation Matters",1.7,92%
SHU-CHUAN (BELLA) CHEN,4.7,https://www.ratemyprofessors.com/professor/802822,"Good Feedback, Amazing Lectures, Caring, Extra Credit, Accessible, Clear Grading, Participation Matters, Inspirational",2.3,100%
JEREMY DOUGLASS,3.4,https://www.ratemyprofessors.com/professor/446309,"Good Feedback, Lecture Heavy, Caring, Extra Credit, Group Projects, Accessible, Clear Grading, Participation Matters",2.5,67%
HAL PEDERSEN,2.1,https://www.ratemyprofessors.com/professor/2589035,"Tough Grader, Lecture Heavy, Test Heavy, Amazing Lectures",3.8,32%
YANG HAI,2.7,https://www.ratemyprofessors.com/professor/2870878,"Tough Grader, Lecture Heavy, Test Heavy, Amazing Lectures, Pop Quizzes",4.4,34%
BROOKE GARDNER,3.1,https://www.ratemyprofessors.com/professor/2708227,"Tough Grader, Good Feedback, Respected, Lecture Heavy, Test Heavy, Amazing Lectures, Caring, Accessible, Clear Grading",3.9,50%
KATHERINE ELDER,5.0,https://www.ratemyprofessors.com/professor/3047865,"Amazing Lectures, Hilarious, Caring, Accessible, Clear Grading",1.6,100%
MARK SHISHIM,4.8,https://www.ratemyprofessors.com/professor/1796107,"Good Feedback, Respected, Hilarious, Caring, Group Projects, Accessible, Clear Grading, Participation Matters, Inspirational",2.4,86%
ANDREW TEEL,4.4,https://www.ratemyprofessors.com/professor/22622,"Good Feedback, Test Heavy, Amazing Lectures, Caring, Accessible",3.9,100%
JIM BUCKWALTER,4.4,https://www.ratemyprofessors.com/professor/2202887,"Tough Grader, Lecture Heavy, Test Heavy, Amazing Lectures, Accessible, Clear Grading",3.7,100%
B. S. MANJUNATH,3.5,https://www.ratemyprofessors.com/professor/1380891,"Tough Grader, Amazing Lectures, Caring",3,100%
DARAKA LARIMORE-HALL,4.0,https://www.ratemyprofessors.com/professor/3088877,"Good Feedback, Test Heavy, Hilarious, Caring, Group Projects, Clear Grading, Participation Matters",1.5,75%
PHILLIP CHRISTOPHER,4.0,https://www.ratemyprofessors.com/professor/3045818,"Good Feedback, Amazing Lectures, Accessible, Participation Matters",4,100%
TANJA STOYAN,4.0,https://www.ratemyprofessors.com/professor/2238586,"Group Projects, Many Papers",1,N/A
FABIAN OFFERT,5.0,https://www.ratemyprofessors.com/professor/2678146,Accessible,2,100%
JOHN PARK,4.2,https://www.ratemyprofessors.com/professor/208021,"Tough Grader, Respected, Lecture Heavy, Amazing Lectures, Hilarious, Many Papers, Clear Grading, Inspirational",3.2,83%
CARLOS GARCIA,1.9,https://www.ratemyprofessors.com/professor/549617,"Tough Grader, Good Feedback, Lecture Heavy, Test Heavy, Caring, Accessible",4.2,19%
JOHN LEE,4.1,https://www.ratemyprofessors.com/professor/268045,"Tough Grader, Good Feedback, Lecture Heavy, Amazing Lectures, Caring, Accessible, Participation Matters",3.1,48%
STUART FEINSTEIN,4.4,https://www.ratemyprofessors.com/professor/178205,"Tough Grader, Respected, Lecture Heavy, Test Heavy, Amazing Lectures, Accessible",3.1,97%
DAN LANE,4.7,https://www.ratemyprofessors.com/professor/2572033,"Tough Grader, Respected, Lecture Heavy, Test Heavy, Amazing Lectures, Caring, Extra Credit, Group Projects, Accessible, Clear Grading, Participation Matters",2.9,92%
CLAUDIA MOSER,3.8,https://www.ratemyprofessors.com/professor/2044300,"Tough Grader, Respected, Amazing Lectures, Clear Grading, Participation Matters",2.9,86%
DOUGLAS KULPER,3.7,https://www.ratemyprofessors.com/professor/762307,"Tough Grader, Test Heavy, Amazing Lectures, Hilarious, Extra Credit, Pop Quizzes, Participation Matters, Inspirational",3.2,59%
JARETT HENDERSON,3.7,https://www.ratemyprofessors.com/professor/2437536,"Lecture Heavy, Amazing Lectures, Hilarious, Caring, Group Projects, Accessible, Clear Grading, Participation Matters",3.2,69%
DENNIS CLEGG,3.8,https://www.ratemyprofessors.com/professor/178193,"Tough Grader, Lecture Heavy, Test Heavy, Hilarious",3.6,70%
EVA BRAUNSTEIN,4.4,https://www.ratemyprofessors.com/professor/2196497,"Good Feedback, Respected, Amazing Lectures, Caring, Accessible",3.5,89%
BREE LANG,4.8,https://www.ratemyprofessors.com/professor/3082037,"Test Heavy, Amazing Lectures, Caring, Accessible, Clear Grading, Inspirational",3.5,96%
DAVID CARATELLI,4.8,https://www.ratemyprofessors.com/professor/2854621,"Good Feedback, Respected, Lecture Heavy, Amazing Lectures, Accessible, Clear Grading, Participation Matters",3.4,95%
TED FRECH,3.0,https://www.ratemyprofessors.com/professor/1181888,"Tough Grader, Respected, Test Heavy, Participation Matters, Inspirational",3.5,38%
DAVID LAWSON,4.1,https://www.ratemyprofessors.com/professor/2354407,"Tough Grader, Lecture Heavy, Amazing Lectures, Hilarious, Group Projects, Clear Grading",3,79%
MAX WILSON,1.7,https://www.ratemyprofessors.com/professor/3060533,"Tough Grader, Lecture Heavy, Test Heavy",3.4,8%
JESSICA NAKAMURA,4.6,https://www.ratemyprofessors.com/professor/2640898,"Good Feedback, Respected, Caring, Accessible, Clear Grading",2,92%
VICKIE VERTIZ,4.2,https://www.ratemyprofessors.com/professor/2602685,"Good Feedback, Caring, Extra Credit, Accessible, Many Papers, Participation Matters, Inspirational",2,78%
MATTHEW BREECE,4.6,https://www.ratemyprofessors.com/professor/3043763,"Good Feedback, Caring, Accessible, Many Papers, Clear Grading",1.4,100%
DANIEL HALMRAST,4.8,https://www.ratemyprofessors.com/professor/2613411,"Good Feedback, Respected, Amazing Lectures, Caring, Extra Credit, Clear Grading",2.8,100%
SUSAN GROVER,4.8,https://www.ratemyprofessors.com/professor/2476982,"Lecture Heavy, Amazing Lectures, Caring, Extra Credit, Group Projects, Clear Grading, Inspirational",3,100%
JUDE AKUDINOBI,3.4,https://www.ratemyprofessors.com/professor/403880,"Good Feedback, Respected, Hilarious, Caring, Many Papers, Clear Grading, Participation Matters, Inspirational",2.3,60%
RICHERT WANG,4.5,https://www.ratemyprofessors.com/professor/2342194,"Tough Grader, Good Feedback, Respected, Test Heavy, Amazing Lectures, Hilarious, Caring, Clear Grading, Inspirational",3.3,86%
STEPHANIE BATISTE,2.7,https://www.ratemyprofessors.com/professor/1113147,"Tough Grader, Lecture Heavy, Test Heavy, Extra Credit, Group Projects, Pop Quizzes, Many Papers, Clear Grading, Inspirational",3.8,31%
DOUG STEIGERWALD,2.9,https://www.ratemyprofessors.com/professor/59022,"Tough Grader, Lecture Heavy, Test Heavy, Caring, Extra Credit, Accessible, Clear Grading, Participation Matters",4.3,50%
ELIZABETH COOK,4.2,https://www.ratemyprofessors.com/professor/527831,"Tough Grader, Good Feedback, Respected, Amazing Lectures, Caring, Accessible, Participation Matters, Inspirational",3,100%
HEATHER BADAMO,2.3,https://www.ratemyprofessors.com/professor/2107236,"Tough Grader, Lecture Heavy, Test Heavy, Amazing Lectures, Group Projects, Accessible, Clear Grading",3.5,46%
ROBERT SAMUELS,3.3,https://www.ratemyprofessors.com/professor/1933039,"Tough Grader, Good Feedback, Hilarious, Clear Grading, Participation Matters",2.7,54%
THERESE LANDRY,3.1,https://www.ratemyprofessors.com/professor/2884358,"Tough Grader, Lecture Heavy, Test Heavy, Caring, Extra Credit, Participation Matters, Inspirational",2.5,48%
DAVID STONE,4.3,https://www.ratemyprofessors.com/professor/1676569,"Tough Grader, Good Feedback, Hilarious, Caring, Accessible, Many Papers, Inspirational",2.8,75%
PETER GILBERT,3.6,https://www.ratemyprofessors.com/professor/3065444,"Tough Grader, Good Feedback, Group Projects, Clear Grading, Participation Matters",3.1,72%
SIMONE PULVER,4.1,https://www.ratemyprofessors.com/professor/1702992,"Good Feedback, Respected, Lecture Heavy, Amazing Lectures, Group Projects, Participation Matters, Inspirational",2.7,93%
IAN WALKER,3.5,https://www.ratemyprofessors.com/professor/2780248,"Tough Grader, Lecture Heavy, Test Heavy, Amazing Lectures, Hilarious, Clear Grading, Participation Matters, Inspirational",3.2,58%
JASON MARDEN,4.6,https://www.ratemyprofessors.com/professor/2550477,"Tough Grader, Good Feedback, Respected, Test Heavy, Amazing Lectures, Extra Credit, Clear Grading",3.8,90%
TRISALYN NELSON,3.3,https://www.ratemyprofessors.com/professor/2969596,"Respected, Hilarious, Pop Quizzes, Clear Grading, Inspirational",2,67%
DAWN MURRAY,4.0,https://www.ratemyprofessors.com/professor/2997282,"Caring, Extra Credit, Group Projects, Many Papers, Clear Grading, Inspirational",2,86%
ED SWEENEY,3.0,https://www.ratemyprofessors.com/professor/3049038,Group Projects,3,100%
ERIC ENGEL,4.9,https://www.ratemyprofessors.com/professor/1434414,"Good Feedback, Respected, Amazing Lectures, Hilarious, Caring, Inspirational",1.4,100%
ARGYRO KATSIKA,4.3,https://www.ratemyprofessors.com/professor/2229288,"Tough Grader, Good Feedback, Respected, Lecture Heavy, Hilarious, Caring, Accessible",3.4,72%
CYNTHIA GANGI,4.9,https://www.ratemyprofessors.com/professor/1300671,"Amazing Lectures, Hilarious",2.2,100%
JOHN LATTO,4.8,https://www.ratemyprofessors.com/professor/1254807,"Respected, Lecture Heavy, Amazing Lectures, Hilarious, Caring, Accessible, Clear Grading",2,99%
ROD GARRATT,4.3,https://www.ratemyprofessors.com/professor/453417,"Respected, Lecture Heavy, Test Heavy, Amazing Lectures, Caring, Clear Grading",2.9,89%
BENJAMIN ZULUETA,3.2,https://www.ratemyprofessors.com/professor/1553777,"Tough Grader, Good Feedback, Caring, Accessible, Participation Matters",3.3,50%
AMR EL ABBADI,4.3,https://www.ratemyprofessors.com/professor/60790,"Tough Grader, Good Feedback, Respected, Amazing Lectures, Caring, Group Projects, Clear Grading, Inspirational",3.1,89%
STEPHEN ZYLSTRA,4.0,https://www.ratemyprofessors.com/professor/2081574,"Tough Grader, Respected, Lecture Heavy, Test Heavy, Amazing Lectures, Caring, Accessible, Clear Grading, Participation Matters",2.8,75%
ADAM SABRA,3.3,https://www.ratemyprofessors.com/professor/2111393,"Tough Grader, Lecture Heavy, Participation Matters",3.2,47%
REGINA LAPATE,4.5,https://www.ratemyprofessors.com/professor/2680756,"Test Heavy, Amazing Lectures, Extra Credit, Clear Grading",2.3,84%
MARY TRIPSAS,4.0,https://www.ratemyprofessors.com/professor/3151174,"Participation Matters, Inspirational",2,100%
MARION LABATUT,5.0,https://www.ratemyprofessors.com/professor/2056446,"Good Feedback, Respected, Amazing Lectures, Hilarious, Caring, Extra Credit, Accessible, Participation Matters",2.6,100%
TERESA SHEWRY,4.7,https://www.ratemyprofessors.com/professor/1258699,"Good Feedback, Test Heavy, Amazing Lectures, Caring, Accessible, Clear Grading, Participation Matters, Inspirational",2.2,95%
STEPHANIE MALIA HOM,4.7,https://www.ratemyprofessors.com/professor/2657500,"Tough Grader, Good Feedback, Lecture Heavy, Amazing Lectures, Caring, Pop Quizzes, Clear Grading, Participation Matters, Inspirational",1.7,96%
RUTH HELLIER-TINOCO,3.1,https://www.ratemyprofessors.com/professor/1266148,"Lecture Heavy, Amazing Lectures, Caring, Extra Credit, Group Projects, Pop Quizzes, Clear Grading, Participation Matters, Inspirational",1.5,55%
TYMOTEUSZ CHAJDAS,4.0,https://www.ratemyprofessors.com/professor/2534352,"Tough Grader, Good Feedback, Group Projects, Clear Grading, Participation Matters",2.6,79%
LISA PARK,4.4,https://www.ratemyprofessors.com/professor/2174197,"Respected, Lecture Heavy, Amazing Lectures, Caring, Extra Credit, Pop Quizzes, Clear Grading",2.3,72%
DAVID WELD,4.2,https://www.ratemyprofessors.com/professor/1786846,"Good Feedback, Lecture Heavy, Test Heavy, Amazing Lectures, Accessible",3.3,86%
DANNY TSAI,3.1,https://www.ratemyprofessors.com/professor/2533240,"Tough Grader, Respected, Participation Matters",2.6,50%
GIOVANNI BATZ,5.0,https://www.ratemyprofessors.com/professor/2917206,"Good Feedback, Hilarious, Caring, Extra Credit, Group Projects, Clear Grading",1.5,100%
ANDREW NORRIS,3.3,https://www.ratemyprofessors.com/professor/1112011,"Tough Grader, Lecture Heavy, Amazing Lectures, Clear Grading, Participation Matters",4.2,59%
YOGANANDA ISUKAPALLI,4.8,https://www.ratemyprofessors.com/professor/2245857,"Good Feedback, Respected, Amazing Lectures, Group Projects, Accessible, Clear Grading, Participation Matters",3.5,96%
ANDREA YOUNG,2.7,https://www.ratemyprofessors.com/professor/2465042,"Tough Grader, Lecture Heavy, Test Heavy, Amazing Lectures, Hilarious",4.5,50%
RONALD RICE,4.5,https://www.ratemyprofessors.com/professor/536944,"Respected, Lecture Heavy, Test Heavy, Amazing Lectures, Hilarious, Extra Credit, Accessible, Clear Grading, Inspirational",3,88%
HEATHER BLURTON,3.6,https://www.ratemyprofessors.com/professor/1537582,"Tough Grader, Lecture Heavy, Amazing Lectures, Accessible, Clear Grading, Participation Matters",2.7,67%
REBECA MIRELES-RIOS,4.1,https://www.ratemyprofessors.com/professor/1982597,"Respected, Lecture Heavy, Caring, Clear Grading, Participation Matters, Inspirational",1.9,73%
HORIA METIU,2.8,https://www.ratemyprofessors.com/professor/1295223,"Tough Grader, Lecture Heavy, Accessible, Inspirational",3.6,50%
MATT RICHARDSON,2.7,https://www.ratemyprofessors.com/professor/2672093,"Tough Grader, Clear Grading",3,34%
ARMAND KURIS,4.3,https://www.ratemyprofessors.com/professor/346672,"Tough Grader, Respected, Lecture Heavy, Test Heavy, Amazing Lectures, Hilarious, Inspirational",3.8,67%
ZETIAN YAN,3.0,https://www.ratemyprofessors.com/professor/2934628,"Respected, Amazing Lectures, Hilarious, Caring, Extra Credit, Accessible, Clear Grading",2.2,55%
TREVOR MARKS,4.1,https://www.ratemyprofessors.com/professor/1471537,"Tough Grader, Amazing Lectures, Hilarious, Accessible, Participation Matters, Inspirational",3.9,84%
CHRISTINA VAGT,4.3,https://www.ratemyprofessors.com/professor/2359376,"Good Feedback, Lecture Heavy, Caring, Accessible, Clear Grading",2.3,87%
KEVIN RUTHERFORD,4.4,https://www.ratemyprofessors.com/professor/2586194,"Good Feedback, Hilarious, Caring, Group Projects, Clear Grading, Participation Matters, Inspirational",2.1,82%
JOE WALTHER,4.0,https://www.ratemyprofessors.com/professor/2592653,"Tough Grader, Respected, Test Heavy, Caring, Extra Credit, Group Projects, Clear Grading",3.5,69%
MARTHA WEBBER,4.6,https://www.ratemyprofessors.com/professor/2597953,"Good Feedback, Respected, Lecture Heavy, Caring, Extra Credit, Accessible, Many Papers, Clear Grading, Participation Matters, Inspirational",2.3,100%
KANU PANDEY,4.7,https://www.ratemyprofessors.com/professor/3012426,"Good Feedback, Amazing Lectures, Hilarious, Caring, Group Projects, Accessible, Clear Grading",2.7,89%
ALINE FERREIRA,3.1,https://www.ratemyprofessors.com/professor/2353893,"Tough Grader, Respected, Lecture Heavy, Pop Quizzes, Clear Grading, Participation Matters",2.1,43%
JORGE RAMIREZ-LOPEZ,2.0,https://www.ratemyprofessors.com/professor/3146334,"Group Projects, Participation Matters",3,0%
WILLIAM ROBINSON,3.5,https://www.ratemyprofessors.com/professor/232431,"Lecture Heavy, Amazing Lectures, Caring, Participation Matters",3.2,55%
ANDREW CARTER,3.0,https://www.ratemyprofessors.com/professor/118254,"Tough Grader, Lecture Heavy, Test Heavy, Amazing Lectures, Group Projects, Clear Grading",3,50%
MIKE WILTON,5.0,https://www.ratemyprofessors.com/professor/2079560,"Good Feedback, Respected, Amazing Lectures, Caring, Group Projects, Accessible, Participation Matters, Inspirational",3.3,100%
LAURA BARACALDO,1.9,https://www.ratemyprofessors.com/professor/2843432,"Tough Grader, Good Feedback, Lecture Heavy, Test Heavy, Group Projects, Pop Quizzes, Clear Grading",3.7,23%
JAMES MCNAMARA,4.8,https://www.ratemyprofessors.com/professor/2468112,"Tough Grader, Good Feedback, Respected, Amazing Lectures, Hilarious, Caring, Inspirational",3.1,97%
RENAN LARUE,3.8,https://www.ratemyprofessors.com/professor/2206741,"Good Feedback, Lecture Heavy, Amazing Lectures, Caring, Extra Credit, Pop Quizzes, Participation Matters",3.3,63%
CHRISTOPHER PARKER,1.9,https://www.ratemyprofessors.com/professor/2638009,"Tough Grader, Test Heavy, Caring, Participation Matters, Inspirational",3.8,30%
KARIN LOHWASSER,3.7,https://www.ratemyprofessors.com/professor/2702869,"Tough Grader, Caring, Group Projects, Participation Matters, Inspirational",2.2,70%
LISA HAJJAR,4.5,https://www.ratemyprofessors.com/professor/71184,"Respected, Lecture Heavy, Amazing Lectures, Caring, Accessible, Clear Grading, Inspirational",2.3,90%
THOMAS HOLDEN,4.5,https://www.ratemyprofessors.com/professor/571506,"Tough Grader, Lecture Heavy, Test Heavy, Amazing Lectures, Hilarious",3,65%
ANIL MUNDRA,4.9,https://www.ratemyprofessors.com/professor/3080622,"Good Feedback, Test Heavy, Amazing Lectures, Caring, Clear Grading",1.9,100%
ELENA ARONOVA,3.9,https://www.ratemyprofessors.com/professor/2346411,"Tough Grader, Respected, Lecture Heavy, Test Heavy, Caring, Group Projects, Accessible, Clear Grading",3,77%
PHUNG SU,3.5,https://www.ratemyprofessors.com/professor/3080395,"Tough Grader, Good Feedback, Respected, Lecture Heavy, Amazing Lectures, Group Projects, Accessible, Participation Matters",3.4,63%
ALTHEA WASOW,1.0,https://www.ratemyprofessors.com/professor/3081233,"Lecture Heavy, Many Papers, Participation Matters",4.7,0%
RICHARD MEDINA,4.0,https://www.ratemyprofessors.com/professor/3107056,"Tough Grader, Lecture Heavy, Amazing Lectures, Hilarious, Accessible, Clear Grading",3.5,75%
PAULA BRUICE,2.9,https://www.ratemyprofessors.com/professor/124167,"Tough Grader, Test Heavy, Hilarious, Caring, Many Papers, Clear Grading",3.9,39%
BRAD BOULEY,4.8,https://www.ratemyprofessors.com/professor/2499302,"Good Feedback, Respected, Lecture Heavy, Amazing Lectures, Hilarious, Caring, Clear Grading",2.6,96%
NICOLE ALBADA,4.8,https://www.ratemyprofessors.com/professor/2443592,"Good Feedback, Respected, Test Heavy, Amazing Lectures, Caring, Accessible, Clear Grading",2.9,95%
JENNIFER HULME,3.9,https://www.ratemyprofessors.com/professor/2123040,"Tough Grader, Test Heavy, Amazing Lectures, Extra Credit, Clear Grading",3.5,68%
SATYAJIT SINGH,4.1,https://www.ratemyprofessors.com/professor/2574480,"Good Feedback, Respected, Lecture Heavy, Extra Credit, Group Projects, Accessible, Clear Grading, Inspirational",3.1,78%
WILLIAM SMITH,3.3,https://www.ratemyprofessors.com/professor/499504,"Tough Grader, Good Feedback, Lecture Heavy, Test Heavy, Hilarious",3.7,42%
GEOFFREY RAYMOND,4.5,https://www.ratemyprofessors.com/professor/871556,"Respected, Lecture Heavy, Amazing Lectures, Hilarious, Caring, Accessible, Clear Grading, Inspirational",2.6,100%
BARON HABER,4.9,https://www.ratemyprofessors.com/professor/1869058,"Good Feedback, Hilarious, Caring, Accessible, Clear Grading, Participation Matters, Inspirational",2.4,100%
KARLY MILLER,2.0,https://www.ratemyprofessors.com/professor/2803226,"Tough Grader, Lecture Heavy, Test Heavy, Caring, Group Projects, Participation Matters",3.6,15%
RYOKO OONO,2.0,https://www.ratemyprofessors.com/professor/1994343,"Tough Grader, Lecture Heavy, Test Heavy, Participation Matters",4,0%
HALLEY FROEHLICH,4.0,https://www.ratemyprofessors.com/professor/2610275,"Tough Grader, Test Heavy, Amazing Lectures, Caring, Group Projects, Accessible, Participation Matters",3,60%
DEBORAH WILLIAMS,5.0,https://www.ratemyprofessors.com/professor/2450102,"Respected, Amazing Lectures, Clear Grading, Participation Matters, Inspirational",3.8,100%
AMY JAMIESON,3.3,https://www.ratemyprofessors.com/professor/1272499,"Respected, Lecture Heavy, Caring, Extra Credit, Accessible, Clear Grading",2.1,62%
ENDA DUFFY,4.3,https://www.ratemyprofessors.com/professor/218269,"Respected, Lecture Heavy, Amazing Lectures, Hilarious, Caring, Extra Credit, Participation Matters, Inspirational",2.8,89%
WILLIAM DAVIES KING,3.3,https://www.ratemyprofessors.com/professor/157415,"Tough Grader, Respected, Lecture Heavy, Amazing Lectures, Hilarious, Caring, Clear Grading, Inspirational",2.7,45%
JEFF MOEHLIS,4.3,https://www.ratemyprofessors.com/professor/413284,"Good Feedback, Respected, Amazing Lectures, Hilarious, Caring, Accessible, Clear Grading, Inspirational",2.5,75%
ERIC ZACKRISON,3.2,https://www.ratemyprofessors.com/professor/2445003,"Tough Grader, Amazing Lectures, Caring, Group Projects, Accessible, Clear Grading, Participation Matters, Inspirational",3.1,65%
LORI PYE,4.0,https://www.ratemyprofessors.com/professor/1702650,"Good Feedback, Amazing Lectures, Caring, Group Projects, Participation Matters, Inspirational",1.7,100%
RYAN FISHER,5.0,https://www.ratemyprofessors.com/professor/3054092,"Amazing Lectures, Clear Grading, Participation Matters",1,100%
ASTRID MCNELLIS,5.0,https://www.ratemyprofessors.com/professor/3147039,"Extra Credit, Group Projects, Accessible, Participation Matters",2,100%
ERIN NINH,3.6,https://www.ratemyprofessors.com/professor/906981,"Tough Grader, Good Feedback, Amazing Lectures, Caring, Accessible, Participation Matters, Inspirational",3.4,55%
CARINA PAREDES-RIVERA,4.9,https://www.ratemyprofessors.com/professor/2723094,"Good Feedback, Amazing Lectures, Caring, Group Projects, Accessible, Participation Matters, Inspirational",2.3,100%
BOHAN ZHOU,4.0,https://www.ratemyprofessors.com/professor/2984865,"Tough Grader, Good Feedback, Respected, Amazing Lectures, Caring, Extra Credit, Inspirational",2.9,77%
CHRISTIAN THOMAS,4.9,https://www.ratemyprofessors.com/professor/2279968,"Good Feedback, Respected, Caring, Clear Grading, Participation Matters, Inspirational",2.8,100%
AMY KYRATZIS,3.1,https://www.ratemyprofessors.com/professor/1381383,"Good Feedback, Lecture Heavy, Clear Grading, Participation Matters",1.9,50%
KATIE BLACKWELL,5.0,https://www.ratemyprofessors.com/professor/2858378,"Good Feedback, Caring, Extra Credit, Group Projects, Accessible, Clear Grading",2,100%
YUNTE HUANG,3.1,https://www.ratemyprofessors.com/professor/374673,"Lecture Heavy, Hilarious, Pop Quizzes, Clear Grading, Participation Matters",2.1,40%
BISHNUPRIYA GHOSH,3.6,https://www.ratemyprofessors.com/professor/1405334,"Tough Grader, Good Feedback, Lecture Heavy, Caring, Extra Credit",2.2,62%
SWATI CHATTOPADHYAY,3.0,https://www.ratemyprofessors.com/professor/395890,"Tough Grader, Lecture Heavy, Caring, Group Projects, Clear Grading",3.3,44%
JUAN CAMPO,3.3,https://www.ratemyprofessors.com/professor/275932,"Tough Grader, Lecture Heavy, Amazing Lectures, Many Papers, Clear Grading",3,50%
PEI-TE LIEN,2.2,https://www.ratemyprofessors.com/professor/1413797,"Tough Grader, Lecture Heavy, Test Heavy, Clear Grading",3.4,30%
CARLA BORROMEO,4.5,https://www.ratemyprofessors.com/professor/406574,"Tough Grader, Amazing Lectures, Caring, Group Projects, Participation Matters",2,70%
JASON TUROWETZ,4.5,https://www.ratemyprofessors.com/professor/2841341,"Test Heavy, Amazing Lectures, Caring, Accessible, Many Papers, Clear Grading",2.1,95%
ALEXANDER CHO,4.8,https://www.ratemyprofessors.com/professor/2681029,"Amazing Lectures, Hilarious, Caring, Accessible, Clear Grading, Inspirational",1.6,94%
HOLLY ROOSE,5.0,https://www.ratemyprofessors.com/professor/2557806,"Lecture Heavy, Amazing Lectures, Hilarious, Caring, Accessible, Inspirational",1,100%
RICKY LEE,5.0,https://www.ratemyprofessors.com/professor/3030668,"Amazing Lectures, Hilarious, Caring, Clear Grading",1.7,100%
ADRIAN STIER,4.5,https://www.ratemyprofessors.com/professor/2610284,"Amazing Lectures, Hilarious",2,100%
SALIM YAQUB,4.5,https://www.ratemyprofessors.com/professor/940647,"Respected, Lecture Heavy, Amazing Lectures, Hilarious, Caring, Accessible",2.7,93%
FABIO RICCI,4.4,https://www.ratemyprofessors.com/professor/2714660,"Good Feedback, Respected, Amazing Lectures, Hilarious, Caring, Extra Credit, Accessible, Clear Grading, Inspirational",2.9,86%
KYLE RATNER,4.4,https://www.ratemyprofessors.com/professor/2023412,"Good Feedback, Test Heavy, Amazing Lectures, Caring, Accessible, Clear Grading",2.3,92%
STEPHAN MIESCHER,3.4,https://www.ratemyprofessors.com/professor/804774,"Good Feedback, Lecture Heavy, Caring, Extra Credit, Accessible, Participation Matters",2.8,75%
JATILA VAN DER VEEN,1.7,https://www.ratemyprofessors.com/professor/2055489,"Tough Grader, Good Feedback, Lecture Heavy, Caring, Extra Credit, Accessible, Many Papers, Clear Grading, Participation Matters, Inspirational",3.4,9%
MARIA CRICKETTE,4.7,https://www.ratemyprofessors.com/professor/1506537,"Good Feedback, Caring, Extra Credit, Accessible, Clear Grading, Participation Matters",2.3,96%
VERONICA CASTILLO-MUNOZ,2.5,https://www.ratemyprofessors.com/professor/1731161,"Tough Grader, Good Feedback, Amazing Lectures, Caring, Extra Credit, Group Projects, Many Papers, Clear Grading",2.9,56%
H A ZETZER,4.4,https://www.ratemyprofessors.com/professor/2760151,"Lecture Heavy, Amazing Lectures, Caring, Clear Grading, Participation Matters, Inspirational",1.6,80%
GUILLEM VIERNES,2.7,https://www.ratemyprofessors.com/professor/2774438,"Caring, Extra Credit, Many Papers, Clear Grading",2.7,67%
MATT ROCHAT,5.0,https://www.ratemyprofessors.com/professor/2785173,"Amazing Lectures, Extra Credit, Clear Grading, Inspirational",3.5,100%
ROBERT KRUT,4.8,https://www.ratemyprofessors.com/professor/284304,"Good Feedback, Amazing Lectures, Hilarious, Caring, Accessible, Clear Grading, Participation Matters, Inspirational",2.1,91%
ALI ABUZAID,4.1,https://www.ratemyprofessors.com/professor/3038139,"Good Feedback, Respected, Amazing Lectures, Caring, Group Projects, Clear Grading",3,77%
JASON DUQUE,3.3,https://www.ratemyprofessors.com/professor/2634534,"Lecture Heavy, Amazing Lectures, Participation Matters, Inspirational",2.7,52%
OLIVIA ANDERSON,2.5,https://www.ratemyprofessors.com/professor/2984867,"Lecture Heavy, Test Heavy, Caring, Accessible, Clear Grading",3.3,27%
BRIDGET COGGINS,2.4,https://www.ratemyprofessors.com/professor/2023576,"Tough Grader, Respected, Lecture Heavy, Extra Credit, Pop Quizzes, Clear Grading",3.8,32%
XIAOWEI ZHENG,4.5,https://www.ratemyprofessors.com/professor/1453954,"Tough Grader, Good Feedback, Respected, Lecture Heavy, Amazing Lectures, Accessible, Inspirational",3.3,90%
NINOTCHKA BENNAHUM,2.2,https://www.ratemyprofessors.com/professor/1452519,"Lecture Heavy, Extra Credit, Many Papers, Participation Matters",3,23%
SUKHUN KANG,4.9,https://www.ratemyprofessors.com/professor/2974949,"Lecture Heavy, Hilarious, Caring, Group Projects, Participation Matters",2.8,100%
REBECCA WERLIN,4.8,https://www.ratemyprofessors.com/professor/1596174,"Amazing Lectures, Caring, Extra Credit",1.7,100%
ELLIOTT IHM,4.4,https://www.ratemyprofessors.com/professor/2364718,"Tough Grader, Good Feedback, Amazing Lectures, Hilarious, Extra Credit, Accessible, Clear Grading",3,86%
VICKIE SCOTT,3.5,https://www.ratemyprofessors.com/professor/1556611,"Tough Grader, Respected, Lecture Heavy, Caring, Group Projects, Accessible, Participation Matters",2.7,58%
JAN NEDERVEEN-PIETERSE,2.1,https://www.ratemyprofessors.com/professor/1585396,"Tough Grader, Respected, Lecture Heavy, Amazing Lectures, Caring",3.5,18%
TARAS TSYMBAL,4.0,https://www.ratemyprofessors.com/professor/3105227,"Lecture Heavy, Amazing Lectures, Caring, Extra Credit, Accessible, Clear Grading, Participation Matters",1.5,93%
CHENGYU FANG,2.2,https://www.ratemyprofessors.com/professor/2812924,"Tough Grader, Lecture Heavy, Test Heavy, Amazing Lectures, Group Projects, Participation Matters",2.8,25%
DEBORAH HARRIS-MOORE,4.9,https://www.ratemyprofessors.com/professor/1698558,"Good Feedback, Caring, Clear Grading, Participation Matters, Inspirational",2.2,100%
EVELYN REDER,5.0,https://www.ratemyprofessors.com/professor/2022895,"Good Feedback, Respected, Amazing Lectures, Hilarious, Caring, Extra Credit, Clear Grading, Participation Matters",1.9,100%
SUSANNAH PORTER,4.4,https://www.ratemyprofessors.com/professor/826353,"Respected, Lecture Heavy, Test Heavy, Amazing Lectures, Hilarious, Accessible, Pop Quizzes, Participation Matters, Inspirational",2.5,89%
ANTHONY BARBIERI-LOW,3.6,https://www.ratemyprofessors.com/professor/1102840,"Good Feedback, Lecture Heavy, Test Heavy, Amazing Lectures, Clear Grading, Participation Matters, Inspirational",3.1,48%
BHASKAR SARKAR,3.3,https://www.ratemyprofessors.com/professor/334425,"Tough Grader, Lecture Heavy, Test Heavy, Amazing Lectures, Pop Quizzes",3.6,28%
PRADEEP JOSHI,2.1,https://www.ratemyprofessors.com/professor/1985818,"Tough Grader, Lecture Heavy, Test Heavy, Hilarious, Caring, Clear Grading",4.2,27%
BRIANA WESTMACOTT,3.8,https://www.ratemyprofessors.com/professor/2043019,"Tough Grader, Good Feedback, Respected, Amazing Lectures, Caring, Group Projects, Clear Grading, Participation Matters, Inspirational",2.8,69%
YU FENG,2.7,https://www.ratemyprofessors.com/professor/2571111,"Tough Grader, Respected, Amazing Lectures, Hilarious, Caring, Extra Credit, Clear Grading",4,46%
DOUG THROWER,3.6,https://www.ratemyprofessors.com/professor/155724,"Tough Grader, Respected, Lecture Heavy, Test Heavy, Accessible, Clear Grading",3.6,54%
AMBER VANDERWARKER,4.5,https://www.ratemyprofessors.com/professor/1550473,"Tough Grader, Lecture Heavy, Test Heavy, Caring, Accessible, Clear Grading",2.7,93%
DAVID SHERMAN,3.6,https://www.ratemyprofessors.com/professor/426980,"Tough Grader, Lecture Heavy, Test Heavy, Amazing Lectures, Extra Credit, Accessible, Inspirational",3.1,62%
JOHN MOORE,4.4,https://www.ratemyprofessors.com/professor/2543409,"Tough Grader, Good Feedback, Respected, Lecture Heavy, Test Heavy, Amazing Lectures, Caring, Accessible, Clear Grading",2.7,88%
JANE WARD,4.3,https://www.ratemyprofessors.com/professor/2889595,"Amazing Lectures, Hilarious, Caring, Extra Credit, Accessible, Clear Grading, Inspirational",1.5,84%
CELESTE PILEGARD,4.5,https://www.ratemyprofessors.com/professor/1912717,"Tough Grader, Hilarious, Extra Credit",2.8,50%
LALO GONZALEZ,2.8,https://www.ratemyprofessors.com/professor/2095984,"Tough Grader, Respected, Lecture Heavy, Test Heavy, Caring, Accessible",3.6,52%
NORBERT REICH,2.1,https://www.ratemyprofessors.com/professor/711602,"Tough Grader, Lecture Heavy, Pop Quizzes, Participation Matters",4.2,17%
CHRISTENE D'ANCA,4.7,https://www.ratemyprofessors.com/professor/2248605,"Good Feedback, Amazing Lectures, Caring, Accessible, Clear Grading, Participation Matters",2.6,91%
CHEN JI,3.3,https://www.ratemyprofessors.com/professor/1992617,"Respected, Test Heavy, Caring, Clear Grading",2.9,20%
SUSAN HWANG,5.0,https://www.ratemyprofessors.com/professor/2912629,"Good Feedback, Respected, Amazing Lectures, Caring, Group Projects",3,100%
PRATUSHYA BASU,5.0,https://www.ratemyprofessors.com/professor/3084697,"Good Feedback, Caring, Accessible",2,100%
CANDACE LYONS,5.0,https://www.ratemyprofessors.com/professor/3079987,"Respected, Amazing Lectures, Hilarious, Accessible, Clear Grading",2,100%
KEITH MAYES,4.5,https://www.ratemyprofessors.com/professor/3107422,Amazing Lectures,2,100%
HEIDI AMIN-HONG,4.5,https://www.ratemyprofessors.com/professor/2807071,"Good Feedback, Lecture Heavy, Participation Matters",2.5,100%
DAVID PATTERSON,2.8,https://www.ratemyprofessors.com/professor/2346686,"Tough Grader, Good Feedback, Respected, Lecture Heavy, Amazing Lectures, Caring, Accessible, Participation Matters, Inspirational",3.7,48%
ERIKA RAPPAPORT,3.9,https://www.ratemyprofessors.com/professor/97346,"Tough Grader, Test Heavy, Amazing Lectures, Caring, Extra Credit, Many Papers, Inspirational",2.6,72%
TOBIAS HOLLERER,4.6,https://www.ratemyprofessors.com/professor/755124,"Caring, Group Projects, Accessible, Clear Grading, Participation Matters",2.1,100%
JOHN MAJEWSKI,4.7,https://www.ratemyprofessors.com/professor/408172,"Tough Grader, Respected, Amazing Lectures, Caring, Extra Credit, Clear Grading",2.7,100%
THOMAS EVEN,4.5,https://www.ratemyprofessors.com/professor/154003,"Tough Grader, Respected, Lecture Heavy, Test Heavy, Amazing Lectures, Caring, Inspirational",2.8,79%
DWIGHT REYNOLDS,4.6,https://www.ratemyprofessors.com/professor/696239,"Respected, Amazing Lectures, Caring, Extra Credit, Pop Quizzes, Inspirational",2,100%
JENNIFER JOHNSON,4.8,https://www.ratemyprofessors.com/professor/852504,"Good Feedback, Respected, Amazing Lectures, Caring, Group Projects, Accessible, Clear Grading, Participation Matters, Inspirational",2,100%
ANNA JAMES,4.9,https://www.ratemyprofessors.com/professor/2601313,"Good Feedback, Respected, Amazing Lectures, Caring, Extra Credit, Group Projects, Accessible, Clear Grading, Participation Matters, Inspirational",2.3,100%
BENJAMIN BRECHER,3.3,https://www.ratemyprofessors.com/professor/1555203,None,2.7,100%
EBRAHIM EBRAHIM,3.6,https://www.ratemyprofessors.com/professor/2425397,"Good Feedback, Amazing Lectures, Hilarious, Caring, Accessible, Clear Grading",3.2,63%
KEN HOUGH,3.2,https://www.ratemyprofessors.com/professor/1937351,"Tough Grader, Good Feedback, Respected, Group Projects, Participation Matters",2.5,45%
LIZZY WILBANKS,5.0,https://www.ratemyprofessors.com/professor/2610285,"Amazing Lectures, Hilarious, Caring, Accessible, Clear Grading, Inspirational",2.3,100%
QING ZHANG,4.8,https://www.ratemyprofessors.com/professor/2947498,"Good Feedback, Respected, Lecture Heavy, Test Heavy, Amazing Lectures, Caring, Accessible, Clear Grading",1.9,95%
MARIO GARCIA,3.8,https://www.ratemyprofessors.com/professor/809148,"Lecture Heavy, Amazing Lectures, Caring, Extra Credit, Participation Matters",2.3,80%
ALAN EBENSTEIN,2.6,https://www.ratemyprofessors.com/professor/1416536,"Tough Grader, Good Feedback, Lecture Heavy, Caring, Accessible, Pop Quizzes, Many Papers",3.4,25%
GENGGENG ZHANG,5.0,https://www.ratemyprofessors.com/professor/3053411,None,1,100%
NIKKI TRUSCELLI,4.6,https://www.ratemyprofessors.com/professor/2759426,"Tough Grader, Good Feedback, Amazing Lectures, Caring, Accessible, Clear Grading, Participation Matters, Inspirational",2.4,95%
RICHARD WITTMAN,3.6,https://www.ratemyprofessors.com/professor/586345,"Tough Grader, Respected, Lecture Heavy, Amazing Lectures, Inspirational",3.6,66%
AMY MARTINEZ,1.9,https://www.ratemyprofessors.com/professor/2837674,"Tough Grader, Respected, Lecture Heavy, Amazing Lectures, Many Papers, Participation Matters",3.7,24%
AKANKSHA ARORA,0.0,https://www.ratemyprofessors.com/professor/3122391,None,N/A,N/A
